uid,rel,rows,cols,aspect,mpx,file_mb,near_black,near_white,mid,class,name_has_abnormality_suffix
1.3.6.1.4.1.9590.100.1.2.100918565011624154113353240323776636898,jpeg/1.3.6.1.4.1.9590.100.1.2.100918565011624154113353240323776636898/1-196.jpg,4544,3072,1.4791666666666667,13.959168,1.209336,0.7048266773492518,0.003999450397043721,0.2911738722537045,full mammogram,False
1.3.6.1.4.1.9590.100.1.2.101088347411683211841739390870264222457,jpeg/1.3.6.1.4.1.9590.100.1.2.101088347411683211841739390870264222457/1-048.jpg,5491,2911,1.8862933699759532,15.984301,1.573323,0.538516385546043,0.03903961768487718,0.42244399676907984,full mammogram,False
1.3.6.1.4.1.9590.100.1.2.101282442711963955211635160453427358442,jpeg/1.3.6.1.4.1.9590.100.1.2.101282442711963955211635160453427358442/1-072.jpg,4741,2506,1.8918595371109337,11.880946,1.160844,0.55278695821023,0.006484247971499913,0.44072879381827,full mammogram,False
1.3.6.1.4.1.9590.100.1.2.104466989412721388217575474423818806809,jpeg/1.3.6.1.4.1.9590.100.1.2.104466989412721388217575474423818806809/1-173.jpg,5491,2836,1.9361777150916784,15.572476,1.524996,0.49629975348814154,0.03323408557508774,0.4704661609367708,full mammogram,False
1.3.6.1.4.1.9590.100.1.2.104540687813176285233314643571726790076,jpeg/1.3.6.1.4.1.9590.100.1.2.104540687813176285233314643571726790076/1-168.jpg,5341,2251,2.37272323411817,12.022591,1.195689,0.4855424259213343,0.03513660241789811,0.47932097166076754,full mammogram,False
1.3.6.1.4.1.9590.100.1.2.10934298311067781740288275432644531576,jpeg/1.3.6.1.4.1.9590.100.1.2.10934298311067781740288275432644531576/1-127.jpg,5071,2431,2.085972850678733,12.327601,0.945245,0.6871216873420871,0.007135451577318247,0.3057428610805946,full mammogram,False
1.3.6.1.4.1.9590.100.1.2.113245695112438704910460181832053519696,jpeg/1.3.6.1.4.1.9590.100.1.2.113245695112438704910460181832053519696/1-259.jpg,5491,2221,2.4723097703737054,12.195511,1.011556,0.5569220510727266,0.03384696221421144,0.4092309867130619,full mammogram,False
1.3.6.1.4.1.9590.100.1.2.114501333713829221314528651860576350917,jpeg/1.3.6.1.4.1.9590.100.1.2.114501333713829221314528651860576350917/1-069.jpg,5296,2926,1.8099794941900205,15.496096,2.335787,0.4821693154198322,0.012802514904399147,0.5050281696757687,full mammogram,False
1.3.6.1.4.1.9590.100.1.2.120248097712357420920838888041500811658,jpeg/1.3.6.1.4.1.9590.100.1.2.120248097712357420920838888041500811658/1-149.jpg,6421,4351,1.4757527005286142,27.937771,2.817239,0.49869440192633835,0.01634242760455013,0.48496317046911147,full mammogram,False
1.3.6.1.4.1.9590.100.1.2.120762895113344405411143779050723940544,jpeg/1.3.6.1.4.1.9590.100.1.2.120762895113344405411143779050723940544/1-049.jpg,4512,3056,1.4764397905759161,13.788672,1.493471,0.5904602705757306,0.00021394373584345179,0.409325785688426,full mammogram,False
1.3.6.1.4.1.9590.100.1.2.123937719512916030240534490940177572702,jpeg/1.3.6.1.4.1.9590.100.1.2.123937719512916030240534490940177572702/1-250.jpg,4756,2626,1.8111195734958112,12.489256,1.573865,0.6402508684264299,4.804129245168808e-07,0.35974865116064564,full mammogram,False
1.3.6.1.4.1.9590.100.1.2.12782344611412614902728154934267614531,jpeg/1.3.6.1.4.1.9590.100.1.2.12782344611412614902728154934267614531/1-085.jpg,5251,3046,1.7239001969796455,15.994546,1.703887,0.43918514473621195,0.01665717801555605,0.5441576772482319,full mammogram,False
1.3.6.1.4.1.9590.100.1.2.129453075811084771938278980161876810114,jpeg/1.3.6.1.4.1.9590.100.1.2.129453075811084771938278980161876810114/1-022.jpg,5760,3912,1.4723926380368098,22.53312,2.576155,0.5525249055612361,0.0013995398773006134,0.44607555456146325,full mammogram,False
1.3.6.1.4.1.9590.100.1.2.129584955013303352822322938041144963536,jpeg/1.3.6.1.4.1.9590.100.1.2.129584955013303352822322938041144963536/1-067.jpg,5386,2791,1.9297742744536008,15.032326,1.283455,0.5877236164250297,0.011876871217401752,0.40039951235756854,full mammogram,False
1.3.6.1.4.1.9590.100.1.2.133538142112165735121542229871081882567,jpeg/1.3.6.1.4.1.9590.100.1.2.133538142112165735121542229871081882567/1-054.jpg,5311,2611,2.034086556874761,13.867021,1.411314,0.48525822525256146,0.022302410878298953,0.4924393638691396,full mammogram,False
1.3.6.1.4.1.9590.100.1.2.136687544312709719238508433274271277284,jpeg/1.3.6.1.4.1.9590.100.1.2.136687544312709719238508433274271277284/1-283.jpg,5431,3196,1.6993116395494368,17.357476,1.744067,0.49989439708860894,0.014305305679235852,0.48580029723215523,full mammogram,False
1.3.6.1.4.1.9590.100.1.2.139234401912454853221162894091529331263,jpeg/1.3.6.1.4.1.9590.100.1.2.139234401912454853221162894091529331263/1-219.jpg,4376,2952,1.4823848238482384,12.917952,1.339335,0.6331558593808059,0.00041624245081573304,0.3664278981683784,full mammogram,False
1.3.6.1.4.1.9590.100.1.2.147398241412716944210846493583224406915,jpeg/1.3.6.1.4.1.9590.100.1.2.147398241412716944210846493583224406915/1-139.jpg,4512,2792,1.6160458452722064,12.597504,1.805694,0.4327511227620964,0.001812740047552277,0.5654361371903514,full mammogram,False
1.3.6.1.4.1.9590.100.1.2.148153754311223758704203455231205410649,jpeg/1.3.6.1.4.1.9590.100.1.2.148153754311223758704203455231205410649/1-197.jpg,4624,3112,1.4858611825192802,14.389888,1.686849,0.5463487276620916,0.0061566149785182486,0.4474946573593901,full mammogram,False
1.3.6.1.4.1.9590.100.1.2.149678841211254125432979826042647826817,jpeg/1.3.6.1.4.1.9590.100.1.2.149678841211254125432979826042647826817/1-267.jpg,5491,2851,1.9259908803928447,15.654841,1.543135,0.5212672552854417,0.04080277787554661,0.4379299668390117,full mammogram,False
1.3.6.1.4.1.9590.100.1.2.149942032311168769825288813301972692776,jpeg/1.3.6.1.4.1.9590.100.1.2.149942032311168769825288813301972692776/1-266.jpg,5341,2416,2.2106788079470197,12.903856,0.996171,0.6813832237433524,0.007339356545826302,0.31127741971082135,full mammogram,False
1.3.6.1.4.1.9590.100.1.2.153281335513645539417766473510556793450,jpeg/1.3.6.1.4.1.9590.100.1.2.153281335513645539417766473510556793450/1-098.jpg,6841,3646,1.876302797586396,24.942286,2.189074,0.6011719615435409,0.021136996023540102,0.377691042432919,full mammogram,False
1.3.6.1.4.1.9590.100.1.2.153667468610757963111534821171489110348,jpeg/1.3.6.1.4.1.9590.100.1.2.153667468610757963111534821171489110348/1-053.jpg,4831,2731,1.7689491028927133,13.193461,1.128654,0.5868983127323452,0.022791366116896847,0.390310321150758,full mammogram,False
1.3.6.1.4.1.9590.100.1.2.158403059012945602114600513492305861703,jpeg/1.3.6.1.4.1.9590.100.1.2.158403059012945602114600513492305861703/1-005.jpg,5491,3271,1.6786915316416997,17.961061,1.87508,0.49612559079889545,0.022883670402322,0.4809907387987825,full mammogram,False
1.3.6.1.4.1.9590.100.1.2.158682188012072650235747027632697987981,jpeg/1.3.6.1.4.1.9590.100.1.2.158682188012072650235747027632697987981/1-255.jpg,6721,3376,1.9908175355450237,22.690096,2.134924,0.4917506739504319,0.03897656492947407,0.469272761120094,full mammogram,False
1.3.6.1.4.1.9590.100.1.2.15995324612513297805389764184183861099,jpeg/1.3.6.1.4.1.9590.100.1.2.15995324612513297805389764184183861099/1-054.jpg,5491,2791,1.9673951988534575,15.325381,1.499639,0.5161748344135784,0.03316172041660824,0.4506634451698134,full mammogram,False
1.3.6.1.4.1.9590.100.1.2.160774588912073940140978200673940941357,jpeg/1.3.6.1.4.1.9590.100.1.2.160774588912073940140978200673940941357/1-063.jpg,4464,3056,1.4607329842931938,13.641984,1.506937,0.5616993100123853,0.003454116351404605,0.43484657363621015,full mammogram,False
1.3.6.1.4.1.9590.100.1.2.160952072712923540436691470670185493050,jpeg/1.3.6.1.4.1.9590.100.1.2.160952072712923540436691470670185493050/1-264.jpg,5752,4016,1.4322709163346614,23.100032,1.98323,0.688850171289806,0.0021061442685447363,0.3090436844416493,full mammogram,False
1.3.6.1.4.1.9590.100.1.2.161274345813031314602548578632137342413,jpeg/1.3.6.1.4.1.9590.100.1.2.161274345813031314602548578632137342413/1-246.jpg,4272,3104,1.3762886597938144,13.260288,1.303522,0.615756007712653,0.0037429051314722575,0.3805010871558747,full mammogram,False
1.3.6.1.4.1.9590.100.1.2.165100488610511635540300174462059270301,jpeg/1.3.6.1.4.1.9590.100.1.2.165100488610511635540300174462059270301/1-087.jpg,6631,4891,1.3557554692291964,32.432221,4.01541,0.38779333058935433,1.3566755110604359e-06,0.6122053127351346,full mammogram,False
1.3.6.1.4.1.9590.100.1.2.16538698211686486425718009862712591172,jpeg/1.3.6.1.4.1.9590.100.1.2.16538698211686486425718009862712591172/1-100.jpg,4584,2936,1.561307901907357,13.458624,0.911991,0.788467825536994,2.0804504234608233e-06,0.21153009401258252,full mammogram,False
1.3.6.1.4.1.9590.100.1.2.166059636612391779430407668611634437956,jpeg/1.3.6.1.4.1.9590.100.1.2.166059636612391779430407668611634437956/1-209.jpg,4232,2944,1.4375,12.459008,1.003887,0.6980635215901619,0.0026010899102079394,0.2993353884996301,full mammogram,False
1.3.6.1.4.1.9590.100.1.2.166306213011523167100206271232508074491,jpeg/1.3.6.1.4.1.9590.100.1.2.166306213011523167100206271232508074491/1-064.jpg,4480,3008,1.4893617021276595,13.47584,1.020368,0.7390285874572569,5.491308890577508e-06,0.26096592123385254,full mammogram,False
1.3.6.1.4.1.9590.100.1.2.167357131510910399505356233161938719844,jpeg/1.3.6.1.4.1.9590.100.1.2.167357131510910399505356233161938719844/1-293.jpg,5026,2161,2.3257751041184638,10.861186,1.30267,0.542617721490084,0.00036883633150191884,0.45701344217841405,full mammogram,False
1.3.6.1.4.1.9590.100.1.2.168768908113283153907760093620901628238,jpeg/1.3.6.1.4.1.9590.100.1.2.168768908113283153907760093620901628238/1-006.jpg,6661,3601,1.8497639544570952,23.986261,1.953773,0.5755723661974661,0.019972683529125276,0.4044549502734086,full mammogram,False
1.3.6.1.4.1.9590.100.1.2.171130805912113865022755513943080674175,jpeg/1.3.6.1.4.1.9590.100.1.2.171130805912113865022755513943080674175/1-084.jpg,6601,3841,1.718562874251497,25.354441,2.332562,0.504794367187981,0.046284278166495565,0.44892135464552346,full mammogram,False
1.3.6.1.4.1.9590.100.1.2.171409475611478222602707974992888863867,jpeg/1.3.6.1.4.1.9590.100.1.2.171409475611478222602707974992888863867/1-007.jpg,6526,3706,1.7609282245008095,24.185356,2.363047,0.4741196697704181,0.007460837045359183,0.5184194931842228,full mammogram,False
1.3.6.1.4.1.9590.100.1.2.172660415211083198922346282250282946691,jpeg/1.3.6.1.4.1.9590.100.1.2.172660415211083198922346282250282946691/1-115.jpg,4488,3080,1.457142857142857,13.82304,1.605393,0.5410939995833044,0.0014582175845544829,0.4574477828321411,full mammogram,False
1.3.6.1.4.1.9590.100.1.2.172930807011519106941584787631508021781,jpeg/1.3.6.1.4.1.9590.100.1.2.172930807011519106941584787631508021781/1-232.jpg,5776,4064,1.421259842519685,23.473664,2.288037,0.6434638836101598,6.816149366370755e-07,0.3565354347749035,full mammogram,False
1.3.6.1.4.1.9590.100.1.2.174390361112646747718661211471328897934,jpeg/1.3.6.1.4.1.9590.100.1.2.174390361112646747718661211471328897934/1-044.jpg,4728,3064,1.5430809399477807,14.486592,1.821248,0.5693921662182521,0.0001809259210171723,0.4304269078607308,full mammogram,False
1.3.6.1.4.1.9590.100.1.2.175279244011756314804038340243723212701,jpeg/1.3.6.1.4.1.9590.100.1.2.175279244011756314804038340243723212701/1-169.jpg,5071,2401,2.1120366513952518,12.175471,1.140147,0.5125158607827164,0.010692810159048468,0.4767913290582351,full mammogram,False
1.3.6.1.4.1.9590.100.1.2.175382778511258946501326317242254559109,jpeg/1.3.6.1.4.1.9590.100.1.2.175382778511258946501326317242254559109/1-106.jpg,4456,2720,1.638235294117647,12.12032,0.662352,0.8423340307846657,5.618663533636076e-05,0.15760978257999791,full mammogram,False
1.3.6.1.4.1.9590.100.1.2.177198269311123412136921043604099760083,jpeg/1.3.6.1.4.1.9590.100.1.2.177198269311123412136921043604099760083/1-078.jpg,5311,2956,1.7966847090663058,15.699316,1.497596,0.5055004307194021,0.01607006317982261,0.4784295061007753,full mammogram,False
1.3.6.1.4.1.9590.100.1.2.178203594513520416601754679041093350921,jpeg/1.3.6.1.4.1.9590.100.1.2.178203594513520416601754679041093350921/1-138.jpg,4456,2840,1.5690140845070422,12.65504,1.342467,0.6243903614686322,0.0003132348850734569,0.3752964036462943,full mammogram,False
1.3.6.1.4.1.9590.100.1.2.178738814511944891404623704932278059093,jpeg/1.3.6.1.4.1.9590.100.1.2.178738814511944891404623704932278059093/1-078.jpg,5784,3984,1.4518072289156627,23.043456,3.37077,0.4013922217222972,0.0014811146383598016,0.5971266636393431,full mammogram,False
1.3.6.1.4.1.9590.100.1.2.182408656611731386116885853554288106899,jpeg/1.3.6.1.4.1.9590.100.1.2.182408656611731386116885853554288106899/1-059.jpg,4568,2856,1.5994397759103642,13.046208,1.522299,0.607465402973799,7.665062522381983e-07,0.3925338305199487,full mammogram,False
1.3.6.1.4.1.9590.100.1.2.189053724912516038924145908692467372854,jpeg/1.3.6.1.4.1.9590.100.1.2.189053724912516038924145908692467372854/1-277.jpg,4584,2976,1.5403225806451613,13.641984,1.408193,0.6587114454906265,0.00039583685188312784,0.34089271765749035,full mammogram,False
1.3.6.1.4.1.9590.100.1.2.189207631912803291707310698522964267237,jpeg/1.3.6.1.4.1.9590.100.1.2.189207631912803291707310698522964267237/1-273.jpg,4608,2920,1.5780821917808219,13.45536,1.170008,0.694673869744102,0.003886629566210046,0.301439500689688,full mammogram,False
1.3.6.1.4.1.9590.100.1.2.189362349512179537916071128813181415730,jpeg/1.3.6.1.4.1.9590.100.1.2.189362349512179537916071128813181415730/1-244.jpg,4801,2371,2.024884015183467,11.383171,0.714463,0.7122781516679315,0.01723272012693124,0.27048912820513726,full mammogram,False
1.3.6.1.4.1.9590.100.1.2.190396557911044436017707772353927261390,jpeg/1.3.6.1.4.1.9590.100.1.2.190396557911044436017707772353927261390/1-240.jpg,4632,2992,1.5481283422459893,13.858944,1.496852,0.5754761690356783,0.0006081992971470265,0.42391563166717466,full mammogram,False
1.3.6.1.4.1.9590.100.1.2.193480584913356968813639791451726556909,jpeg/1.3.6.1.4.1.9590.100.1.2.193480584913356968813639791451726556909/1-065.jpg,5872,3640,1.6131868131868132,21.37408,2.681613,0.451836757418331,0.0013176239632302304,0.5468456186184387,full mammogram,False
1.3.6.1.4.1.9590.100.1.2.194868667012564968127301658993026023368,jpeg/1.3.6.1.4.1.9590.100.1.2.194868667012564968127301658993026023368/1-233.jpg,5816,4088,1.4227005870841487,23.775808,2.613447,0.5668834893013941,0.0012206945816520725,0.4318958161169538,full mammogram,False
1.3.6.1.4.1.9590.100.1.2.194993015913874932816965175272741424254,jpeg/1.3.6.1.4.1.9590.100.1.2.194993015913874932816965175272741424254/1-272.jpg,4656,2968,1.568733153638814,13.819008,0.881425,0.7895291036809589,0.004651202170228138,0.20581969414881301,full mammogram,False
1.3.6.1.4.1.9590.100.1.2.195038125411006195533245648703882808947,jpeg/1.3.6.1.4.1.9590.100.1.2.195038125411006195533245648703882808947/1-114.jpg,4392,3104,1.4149484536082475,13.632768,1.261876,0.6563791740606163,0.0031167551593337464,0.34050407078004996,full mammogram,False
1.3.6.1.4.1.9590.100.1.2.195114100511298010617405868932832986379,jpeg/1.3.6.1.4.1.9590.100.1.2.195114100511298010617405868932832986379/1-261.jpg,5491,3076,1.785110533159948,16.890316,2.019409,0.41601844512559744,0.01909099865271911,0.5648905562216834,full mammogram,False
1.3.6.1.4.1.9590.100.1.2.195937596810551459935867582874238152345,jpeg/1.3.6.1.4.1.9590.100.1.2.195937596810551459935867582874238152345/1-256.jpg,5341,2146,2.488816402609506,11.461786,0.61021,0.7725236712672877,0.03379141784709643,0.19368491088561585,full mammogram,False
1.3.6.1.4.1.9590.100.1.2.198664786512996551023962430914065511350,jpeg/1.3.6.1.4.1.9590.100.1.2.198664786512996551023962430914065511350/1-032.jpg,5131,2371,2.164065795023197,12.165601,0.924653,0.6429408625188349,0.012509780651198408,0.34454935682996674,full mammogram,False
1.3.6.1.4.1.9590.100.1.2.20232052811861584242150823693777847703,jpeg/1.3.6.1.4.1.9590.100.1.2.20232052811861584242150823693777847703/1-242.jpg,4592,3088,1.4870466321243523,14.180096,1.446102,0.6198184412855879,0.005314068395587731,0.3748674903188243,full mammogram,False
1.3.6.1.4.1.9590.100.1.2.202832606612820515108662227531431470372,jpeg/1.3.6.1.4.1.9590.100.1.2.202832606612820515108662227531431470372/1-034.jpg,4411,2176,2.0271139705882355,9.598336,1.904002,0.5652404750156694,0.017282578980356594,0.417476946003974,full mammogram,False
1.3.6.1.4.1.9590.100.1.2.204340788011772153840832869381951396003,jpeg/1.3.6.1.4.1.9590.100.1.2.204340788011772153840832869381951396003/1-125.jpg,4608,3112,1.480719794344473,14.340096,1.12289,0.6862246947300771,0.00853683266834476,0.30523847260157816,full mammogram,False
1.3.6.1.4.1.9590.100.1.2.204430961913085029114963861863064771359,jpeg/1.3.6.1.4.1.9590.100.1.2.204430961913085029114963861863064771359/1-105.jpg,4640,3072,1.5104166666666667,14.25408,1.839048,0.49460365032327586,0.009781199488146552,0.49561515018857766,full mammogram,False
1.3.6.1.4.1.9590.100.1.2.207615672611078372304359064633419264695,jpeg/1.3.6.1.4.1.9590.100.1.2.207615672611078372304359064633419264695/1-145.jpg,5371,2506,2.1432561851556264,13.459726,1.818586,0.5168591099105584,0.0022496743247225094,0.4808912157647191,full mammogram,False
1.3.6.1.4.1.9590.100.1.2.209300280410374447319412284721590506572,jpeg/1.3.6.1.4.1.9590.100.1.2.209300280410374447319412284721590506572/1-112.jpg,4966,3286,1.511259890444309,16.318276,2.403051,0.4762180146971408,0.0006772774280812508,0.5231047078747779,full mammogram,False
1.3.6.1.4.1.9590.100.1.2.211070236113046135134232075612052632700,jpeg/1.3.6.1.4.1.9590.100.1.2.211070236113046135134232075612052632700/1-221.jpg,4800,2960,1.6216216216216217,14.208,1.484143,0.5899431306306306,0.005725225225225225,0.40433164414414413,full mammogram,False
1.3.6.1.4.1.9590.100.1.2.211245852411553375218922095460645818053,jpeg/1.3.6.1.4.1.9590.100.1.2.211245852411553375218922095460645818053/1-080.jpg,6751,4111,1.6421795183653611,27.753361,2.477109,0.4688803637152271,0.028898193627791603,0.5022214426569813,full mammogram,False
1.3.6.1.4.1.9590.100.1.2.214166513113616613919423648413903167843,jpeg/1.3.6.1.4.1.9590.100.1.2.214166513113616613919423648413903167843/1-225.jpg,5491,2326,2.3607050730868444,12.772066,1.261565,0.48470435401758805,0.03222407400650764,0.48307157197590433,full mammogram,False
1.3.6.1.4.1.9590.100.1.2.214716350711587846302171252931002081387,jpeg/1.3.6.1.4.1.9590.100.1.2.214716350711587846302171252931002081387/1-048.jpg,5664,4040,1.401980198019802,22.88256,2.567523,0.5677048809224142,0.0006952893382558595,0.4315998297393299,full mammogram,False
1.3.6.1.4.1.9590.100.1.2.216584034910216581917633911380663041741,jpeg/1.3.6.1.4.1.9590.100.1.2.216584034910216581917633911380663041741/1-186.jpg,4752,2288,2.076923076923077,10.872576,0.701278,0.8030619422664877,0.00016858930211202937,0.19676946843140022,full mammogram,False
1.3.6.1.4.1.9590.100.1.2.219299223211070667010743548621793942263,jpeg/1.3.6.1.4.1.9590.100.1.2.219299223211070667010743548621793942263/1-101.jpg,4536,2864,1.5837988826815643,12.991104,1.098431,0.7140735691131408,6.312011665829171e-06,0.28592011887519336,full mammogram,False
1.3.6.1.4.1.9590.100.1.2.219332692312218512833665983043515282248,jpeg/1.3.6.1.4.1.9590.100.1.2.219332692312218512833665983043515282248/1-062.jpg,5491,2506,2.191141260973663,13.760446,1.468413,0.4641473103415398,0.02706743662233041,0.5087852530361299,full mammogram,False
1.3.6.1.4.1.9590.100.1.2.220148131710644925328282700082566799231,jpeg/1.3.6.1.4.1.9590.100.1.2.220148131710644925328282700082566799231/1-071.jpg,5266,3331,1.580906634644251,17.541046,1.47229,0.6023841451644332,1.704573376068907e-05,0.3975988091018061,full mammogram,False
1.3.6.1.4.1.9590.100.1.2.220517698812723136111000091231924310689,jpeg/1.3.6.1.4.1.9590.100.1.2.220517698812723136111000091231924310689/1-092.jpg,5251,2371,2.2146773513285534,12.450121,1.032579,0.6024064344434885,0.002649452161950876,0.3949441133945606,full mammogram,False
1.3.6.1.4.1.9590.100.1.2.222255370311488039329460872992264840859,jpeg/1.3.6.1.4.1.9590.100.1.2.222255370311488039329460872992264840859/1-023.jpg,5744,4064,1.4133858267716535,23.343616,2.72847,0.5311543849933104,0.0033117405632443575,0.4655338744434453,full mammogram,False
1.3.6.1.4.1.9590.100.1.2.222776680012290883524152052802809041134,jpeg/1.3.6.1.4.1.9590.100.1.2.222776680012290883524152052802809041134/1-150.jpg,4672,2440,1.9147540983606557,11.39968,1.289329,0.5557942854536267,0.0006371231473164159,0.44356859139905686,full mammogram,False
1.3.6.1.4.1.9590.100.1.2.225893167712705639706899641612088401339,jpeg/1.3.6.1.4.1.9590.100.1.2.225893167712705639706899641612088401339/1-235.jpg,5491,3256,1.6864250614250613,17.878696,1.587973,0.5250819187260637,0.02128276021920167,0.45363532105473464,full mammogram,False
1.3.6.1.4.1.9590.100.1.2.227046036411673939941826308392238305676,jpeg/1.3.6.1.4.1.9590.100.1.2.227046036411673939941826308392238305676/1-043.jpg,5952,3168,1.878787878787879,18.855936,2.092999,0.559693721913354,0.0006373059390952536,0.43966897214755074,full mammogram,False
1.3.6.1.4.1.9590.100.1.2.227319748412243756920332645432788989156,jpeg/1.3.6.1.4.1.9590.100.1.2.227319748412243756920332645432788989156/1-207.jpg,5491,1996,2.751002004008016,10.960036,0.846072,0.5808039316659179,0.02484599503140318,0.3943500733026789,full mammogram,False
1.3.6.1.4.1.9590.100.1.2.227424867211387289616341177611523680294,jpeg/1.3.6.1.4.1.9590.100.1.2.227424867211387289616341177611523680294/1-295.jpg,5491,2926,1.8766233766233766,16.066666,1.523614,0.48142234362748315,0.04632124673532144,0.4722564096371954,full mammogram,False
1.3.6.1.4.1.9590.100.1.2.228053219311759312114049662981727809230,jpeg/1.3.6.1.4.1.9590.100.1.2.228053219311759312114049662981727809230/1-074.jpg,6466,4006,1.6140788816774838,25.902796,2.7921,0.37541958790857943,0.016760545849953803,0.6078198662414668,full mammogram,False
1.3.6.1.4.1.9590.100.1.2.228145110911907288720511663481487304924,jpeg/1.3.6.1.4.1.9590.100.1.2.228145110911907288720511663481487304924/1-213.jpg,3944,3032,1.3007915567282322,11.958208,1.255773,0.6239447415532494,0.001011690045866404,0.37504356840088415,full mammogram,False
1.3.6.1.4.1.9590.100.1.2.229013901811476548604341958812495919089,jpeg/1.3.6.1.4.1.9590.100.1.2.229013901811476548604341958812495919089/1-015.jpg,4512,2952,1.5284552845528456,13.319424,2.027149,0.4220800388965769,2.7403587422399048e-05,0.5778925575160008,full mammogram,False
1.3.6.1.4.1.9590.100.1.2.231464391511494721022495443402894365725,jpeg/1.3.6.1.4.1.9590.100.1.2.231464391511494721022495443402894365725/1-291.jpg,5476,3301,1.6588912450772493,18.076276,1.909891,0.5247567585270329,0.020252844114573156,0.45499039735839397,full mammogram,False
1.3.6.1.4.1.9590.100.1.2.236005020611647513015797823113967432786,jpeg/1.3.6.1.4.1.9590.100.1.2.236005020611647513015797823113967432786/1-079.jpg,5952,4152,1.4335260115606936,24.712704,2.932907,0.42230635708662234,0.012948684207118736,0.564744958706259,full mammogram,False
1.3.6.1.4.1.9590.100.1.2.237414816711788622329494496482735726374,jpeg/1.3.6.1.4.1.9590.100.1.2.237414816711788622329494496482735726374/1-024.jpg,4800,3280,1.4634146341463414,15.744,1.48317,0.6567221798780488,0.004360327743902439,0.33891749237804875,full mammogram,False
1.3.6.1.4.1.9590.100.1.2.238378346612642268838720080793432141825,jpeg/1.3.6.1.4.1.9590.100.1.2.238378346612642268838720080793432141825/1-257.jpg,5086,1861,2.7329392799570122,9.465046,0.780577,0.5774718897298544,0.05627801491931471,0.36625009535083086,full mammogram,False
1.3.6.1.4.1.9590.100.1.2.242128209412592948513553404181811609109,jpeg/1.3.6.1.4.1.9590.100.1.2.242128209412592948513553404181811609109/1-088.jpg,6841,4966,1.3775674587192912,33.972406,3.743567,0.39397845416070915,0.0141744449892657,0.5918471008500251,full mammogram,False
1.3.6.1.4.1.9590.100.1.2.242916615411539131418258364482174881460,jpeg/1.3.6.1.4.1.9590.100.1.2.242916615411539131418258364482174881460/1-206.jpg,4156,1951,2.1301896463352126,8.108356,0.539695,0.70489677562258,0.010786280227459179,0.2843169441499608,full mammogram,False
1.3.6.1.4.1.9590.100.1.2.244137585510501636128224306141918978720,jpeg/1.3.6.1.4.1.9590.100.1.2.244137585510501636128224306141918978720/1-279.jpg,5491,2551,2.1524892199137593,14.007541,1.603919,0.49444981099823304,0.03142550144954064,0.4741246875522263,full mammogram,False
1.3.6.1.4.1.9590.100.1.2.246605126713505032501097061560585068250,jpeg/1.3.6.1.4.1.9590.100.1.2.246605126713505032501097061560585068250/1-039.jpg,4426,2206,2.0063463281958294,9.763756,0.642901,0.679604754563715,0.03627466724895624,0.2841205781873287,full mammogram,False
1.3.6.1.4.1.9590.100.1.2.249304342210593400116888063231773492982,jpeg/1.3.6.1.4.1.9590.100.1.2.249304342210593400116888063231773492982/1-176.jpg,4608,3120,1.476923076923077,14.37696,1.366407,0.6387360749421296,0.0018558860844017093,0.3594080389734687,full mammogram,False
1.3.6.1.4.1.9590.100.1.2.255187836210844252836072101621097580135,jpeg/1.3.6.1.4.1.9590.100.1.2.255187836210844252836072101621097580135/1-271.jpg,4664,2680,1.7402985074626867,12.49952,0.988315,0.6768097494943806,0.0050823551624382375,0.31810789534318124,full mammogram,False
1.3.6.1.4.1.9590.100.1.2.25530538411839768118282182472795553760,jpeg/1.3.6.1.4.1.9590.100.1.2.25530538411839768118282182472795553760/1-087.jpg,6451,4306,1.4981421272642823,27.778006,3.020684,0.39827077580730597,0.011531281258993177,0.5901979429337009,full mammogram,False
1.3.6.1.4.1.9590.100.1.2.257802487411496422520986169631379868842,jpeg/1.3.6.1.4.1.9590.100.1.2.257802487411496422520986169631379868842/1-082.jpg,4624,3032,1.525065963060686,14.019968,1.814264,0.5291706799901398,0.0023677657466835873,0.46846155426317665,full mammogram,False
1.3.6.1.4.1.9590.100.1.2.258241989811730836203174928821890742890,jpeg/1.3.6.1.4.1.9590.100.1.2.258241989811730836203174928821890742890/1-159.jpg,5971,3256,1.8338452088452089,19.441576,1.79134,0.5054158160840458,0.023951710499189982,0.4706324734167642,full mammogram,False
1.3.6.1.4.1.9590.100.1.2.258246263812583145913706029001213151162,jpeg/1.3.6.1.4.1.9590.100.1.2.258246263812583145913706029001213151162/1-204.jpg,5856,3504,1.6712328767123288,20.519424,2.236277,0.5553258707456895,0.0020273473563390473,0.44264678189797146,full mammogram,False
1.3.6.1.4.1.9590.100.1.2.25895118011399481537937532611545582815,jpeg/1.3.6.1.4.1.9590.100.1.2.25895118011399481537937532611545582815/1-090.jpg,5266,2851,1.8470712030866363,15.013366,1.122695,0.6399861296927019,1.22557459799488e-05,0.3600016145613182,full mammogram,False
1.3.6.1.4.1.9590.100.1.2.263861248711313923336051913560309963304,jpeg/1.3.6.1.4.1.9590.100.1.2.263861248711313923336051913560309963304/1-045.jpg,4688,2744,1.7084548104956268,12.863872,1.071182,0.743438989442681,0.0001152841073045503,0.2564457264500144,full mammogram,False
1.3.6.1.4.1.9590.100.1.2.266057194011548503500277838530918587668,jpeg/1.3.6.1.4.1.9590.100.1.2.266057194011548503500277838530918587668/1-217.jpg,5491,2956,1.857577807848444,16.231396,1.887514,0.46953287320449827,0.026024625361860433,0.5044425014336412,full mammogram,False
1.3.6.1.4.1.9590.100.1.2.266330922711278145820055051962759232884,jpeg/1.3.6.1.4.1.9590.100.1.2.266330922711278145820055051962759232884/1-080.jpg,4552,3016,1.509283819628647,13.728832,1.429583,0.6152691649224057,0.00017816519278551882,0.3845526698848088,full mammogram,False
1.3.6.1.4.1.9590.100.1.2.26657663513211061129491770023656595497,jpeg/1.3.6.1.4.1.9590.100.1.2.26657663513211061129491770023656595497/1-144.jpg,4171,2146,1.9436160298229264,8.950966,0.961491,0.5974447897578876,0.00011339558210812107,0.4024418146600043,full mammogram,False
1.3.6.1.4.1.9590.100.1.2.266668994511844400418584940952690755805,jpeg/1.3.6.1.4.1.9590.100.1.2.266668994511844400418584940952690755805/1-174.jpg,4744,2904,1.6336088154269972,13.776576,0.954085,0.741553779400629,0.00473063844020459,0.25371558215916634,full mammogram,False
1.3.6.1.4.1.9590.100.1.2.266949150813710405325980737561307173226,jpeg/1.3.6.1.4.1.9590.100.1.2.266949150813710405325980737561307173226/1-237.jpg,5491,2656,2.067394578313253,14.584096,1.440996,0.4908781456183503,0.02537209025502849,0.4837497641266212,full mammogram,False
1.3.6.1.4.1.9590.100.1.2.267037777510927206408440480351366054435,jpeg/1.3.6.1.4.1.9590.100.1.2.267037777510927206408440480351366054435/1-070.jpg,5206,2611,1.9938720796629643,13.592866,1.138878,0.5664868615639999,0.019458663095773914,0.4140544753402262,full mammogram,False
1.3.6.1.4.1.9590.100.1.2.267340905912306939309266861160349187486,jpeg/1.3.6.1.4.1.9590.100.1.2.267340905912306939309266861160349187486/1-051.jpg,4544,3104,1.4639175257731958,14.104576,1.730304,0.5405822195576812,0.0035798311129664586,0.4558379493293524,full mammogram,False
1.3.6.1.4.1.9590.100.1.2.267631872912076578535071006022240033258,jpeg/1.3.6.1.4.1.9590.100.1.2.267631872912076578535071006022240033258/1-083.jpg,6841,3691,1.853427255486318,25.250131,1.995653,0.581092945616797,0.012666191712035079,0.4062408626711679,full mammogram,False
1.3.6.1.4.1.9590.100.1.2.267714876311589393628890535711942443047,jpeg/1.3.6.1.4.1.9590.100.1.2.267714876311589393628890535711942443047/1-108.jpg,4720,2696,1.7507418397626113,12.72512,0.885706,0.7531459821204044,0.0004279723884725645,0.24642604549112304,full mammogram,False
1.3.6.1.4.1.9590.100.1.2.272770478311026093500138210570729146945,jpeg/1.3.6.1.4.1.9590.100.1.2.272770478311026093500138210570729146945/1-192.jpg,5416,2701,2.005183265457238,14.628616,1.33083,0.5402539105544912,0.03674537632268152,0.4230007131228273,full mammogram,False
1.3.6.1.4.1.9590.100.1.2.272917492411709393015036949944104292812,jpeg/1.3.6.1.4.1.9590.100.1.2.272917492411709393015036949944104292812/1-047.jpg,5664,3984,1.4216867469879517,22.565376,2.601421,0.5581899012008485,0.0019351328335942641,0.4398749659655572,full mammogram,False
1.3.6.1.4.1.9590.100.1.2.273133994411552376714832534302635658142,jpeg/1.3.6.1.4.1.9590.100.1.2.273133994411552376714832534302635658142/1-091.jpg,6301,3736,1.6865631691648821,23.540536,2.540908,0.4942940551566031,0.00019646961309632033,0.5055094752303007,full mammogram,False
1.3.6.1.4.1.9590.100.1.2.274130392610570391808711256560834154926,jpeg/1.3.6.1.4.1.9590.100.1.2.274130392610570391808711256560834154926/1-062.jpg,4536,3080,1.4727272727272727,13.97088,1.096322,0.7200138430793193,2.1186925948830712e-05,0.2799649699947319,full mammogram,False
1.3.6.1.4.1.9590.100.1.2.275183712813590985835400603071624650559,jpeg/1.3.6.1.4.1.9590.100.1.2.275183712813590985835400603071624650559/1-274.jpg,4624,2888,1.6011080332409973,13.354112,1.254169,0.6987177432688898,1.969430838980533e-05,0.30126256242272037,full mammogram,False
1.3.6.1.4.1.9590.100.1.2.276384945912680293626207776192734782335,jpeg/1.3.6.1.4.1.9590.100.1.2.276384945912680293626207776192734782335/1-248.jpg,4744,2800,1.6942857142857144,13.2832,1.972255,0.40784953926764633,0.005919130932305469,0.5862313298000482,full mammogram,False
1.3.6.1.4.1.9590.100.1.2.276693828711781228341905744712757652395,jpeg/1.3.6.1.4.1.9590.100.1.2.276693828711781228341905744712757652395/1-185.jpg,4752,2808,1.6923076923076923,13.343616,1.208607,0.6279454534662868,0.013169518667203853,0.35888502786650933,full mammogram,False
1.3.6.1.4.1.9590.100.1.2.277098686410919869923109787224014941668,jpeg/1.3.6.1.4.1.9590.100.1.2.277098686410919869923109787224014941668/1-089.jpg,4906,2581,1.9008136381247578,12.662386,0.744327,0.703535573785225,0.03077737481703685,0.2656870513977381,full mammogram,False
1.3.6.1.4.1.9590.100.1.2.277622841912367501839316617461055820872,jpeg/1.3.6.1.4.1.9590.100.1.2.277622841912367501839316617461055820872/1-287.jpg,4480,3016,1.4854111405835544,13.51168,0.895634,0.7902269739958317,0.0059525536424782114,0.20382047236169004,full mammogram,False
1.3.6.1.4.1.9590.100.1.2.278653392512115028431750916380717953781,jpeg/1.3.6.1.4.1.9590.100.1.2.278653392512115028431750916380717953781/1-154.jpg,4520,3032,1.4907651715039578,13.70464,1.219226,0.6523671544819857,0.00023473801573773554,0.34739810750227657,full mammogram,False
1.3.6.1.4.1.9590.100.1.2.279673723011293716614174796062621445448,jpeg/1.3.6.1.4.1.9590.100.1.2.279673723011293716614174796062621445448/1-002.jpg,5952,3656,1.6280087527352298,21.760512,1.758386,0.7195456614256135,0.00012862748817674878,0.28032571108620974,full mammogram,False
1.3.6.1.4.1.9590.100.1.2.284356402310994259807358560450776787529,jpeg/1.3.6.1.4.1.9590.100.1.2.284356402310994259807358560450776787529/1-086.jpg,5341,3406,1.5681150910158543,18.191446,2.010184,0.42472280653225697,0.03129586290171765,0.5439813305660253,full mammogram,False
1.3.6.1.4.1.9590.100.1.2.287974909212490258036438793240909492662,jpeg/1.3.6.1.4.1.9590.100.1.2.287974909212490258036438793240909492662/1-033.jpg,5491,2716,2.021723122238586,14.913556,1.425226,0.48688146542648847,0.031609094437302546,0.481509440136209,full mammogram,False
1.3.6.1.4.1.9590.100.1.2.290457012012499402224521007673046382758,jpeg/1.3.6.1.4.1.9590.100.1.2.290457012012499402224521007673046382758/1-294.jpg,4861,2656,1.8301957831325302,12.910816,1.243289,0.5105691228191929,0.03326412521098589,0.45616675196982126,full mammogram,False
1.3.6.1.4.1.9590.100.1.2.292169530111247803935562444153334719959,jpeg/1.3.6.1.4.1.9590.100.1.2.292169530111247803935562444153334719959/1-218.jpg,4544,2920,1.5561643835616439,13.26848,1.164211,0.7003174440478488,0.0014139524647887325,0.29826860348736245,full mammogram,False
1.3.6.1.4.1.9590.100.1.2.294952853511537098119387895571621083826,jpeg/1.3.6.1.4.1.9590.100.1.2.294952853511537098119387895571621083826/1-009.jpg,5491,2986,1.8389149363697255,16.396126,1.591691,0.5157950725677517,0.026525839091502468,0.45767908834074583,full mammogram,False
1.3.6.1.4.1.9590.100.1.2.295074553711467509004234310912016105812,jpeg/1.3.6.1.4.1.9590.100.1.2.295074553711467509004234310912016105812/1-130.jpg,5281,2656,1.988328313253012,14.026336,1.347261,0.5621052425950726,0.025451550568872727,0.41244320683605473,full mammogram,False
1.3.6.1.4.1.9590.100.1.2.295490758411175424801442592530133617119,jpeg/1.3.6.1.4.1.9590.100.1.2.295490758411175424801442592530133617119/1-011.jpg,5056,1906,2.6526757607555087,9.636736,1.498383,0.4628148991525761,0.008790943323548555,0.5283941575238753,full mammogram,False
1.3.6.1.4.1.9590.100.1.2.299021344312689790125182609072928955904,jpeg/1.3.6.1.4.1.9590.100.1.2.299021344312689790125182609072928955904/1-137.jpg,5386,2596,2.0747303543913715,13.982056,1.172732,0.5651085934715181,0.010411558929530822,0.4244798475989511,full mammogram,False
1.3.6.1.4.1.9590.100.1.2.299170662711792945709435291453358452246,jpeg/1.3.6.1.4.1.9590.100.1.2.299170662711792945709435291453358452246/1-053.jpg,4591,2506,1.832003192338388,11.505046,0.981607,0.5844632868047638,0.016420794840802895,0.39911591835443333,full mammogram,False
1.3.6.1.4.1.9590.100.1.2.308550737911523802806449145721212125433,jpeg/1.3.6.1.4.1.9590.100.1.2.308550737911523802806449145721212125433/1-116.jpg,4464,3320,1.344578313253012,14.82048,2.195158,0.4162209995897569,0.0007148216522001986,0.583064178758043,full mammogram,False
1.3.6.1.4.1.9590.100.1.2.308920428212455412824857417372465352701,jpeg/1.3.6.1.4.1.9590.100.1.2.308920428212455412824857417372465352701/1-265.jpg,5720,4080,1.4019607843137254,23.3376,2.087766,0.6661301504867682,0.0071050579322638144,0.32676479158096805,full mammogram,False
1.3.6.1.4.1.9590.100.1.2.309169976611939668535642477072753478403,jpeg/1.3.6.1.4.1.9590.100.1.2.309169976611939668535642477072753478403/1-270.jpg,4672,2720,1.7176470588235293,12.70784,0.783791,0.7818705617949234,0.00195792518634166,0.2161715130187349,full mammogram,False
1.3.6.1.4.1.9590.100.1.2.310621878711988704903716607162484515072,jpeg/1.3.6.1.4.1.9590.100.1.2.310621878711988704903716607162484515072/1-117.jpg,4624,3272,1.41320293398533,15.129728,2.451511,0.31267680423600475,0.0018455057486823293,0.6854776900153129,full mammogram,False
1.3.6.1.4.1.9590.100.1.2.311563664711576149039517777091583294866,jpeg/1.3.6.1.4.1.9590.100.1.2.311563664711576149039517777091583294866/1-060.jpg,4504,2848,1.5814606741573034,12.827392,1.803435,0.4757965609844932,0.0001840592382301874,0.5240193797772766,full mammogram,False
1.3.6.1.4.1.9590.100.1.2.312214170811234134831647976241196186417,jpeg/1.3.6.1.4.1.9590.100.1.2.312214170811234134831647976241196186417/1-202.jpg,6586,3346,1.968320382546324,22.036756,1.79568,0.5749056258552756,0.0327805508215456,0.39231382332317877,full mammogram,False
1.3.6.1.4.1.9590.100.1.2.313183605812288400210542693673573539435,jpeg/1.3.6.1.4.1.9590.100.1.2.313183605812288400210542693673573539435/1-156.jpg,5116,2641,1.9371450208254448,13.511356,1.504568,0.5610117148863519,0.006395287045948608,0.43259299806769946,full mammogram,False
1.3.6.1.4.1.9590.100.1.2.313501247412013571402618592290816934705,jpeg/1.3.6.1.4.1.9590.100.1.2.313501247412013571402618592290816934705/1-074.jpg,4711,2296,2.051829268292683,10.816456,0.825794,0.6456905108290553,0.004643850074368167,0.34966563909657655,full mammogram,False
1.3.6.1.4.1.9590.100.1.2.315990654413683631831065578571106670633,jpeg/1.3.6.1.4.1.9590.100.1.2.315990654413683631831065578571106670633/1-013.jpg,5491,2506,2.191141260973663,13.760446,1.30117,0.5213112278482834,0.03014197359591397,0.4485467985558026,full mammogram,False
1.3.6.1.4.1.9590.100.1.2.320081757012647248827679269182135595408,jpeg/1.3.6.1.4.1.9590.100.1.2.320081757012647248827679269182135595408/1-184.jpg,4664,2936,1.5885558583106267,13.693504,1.039482,0.7180505442580657,0.0015278777440748549,0.28042157799785944,full mammogram,False
1.3.6.1.4.1.9590.100.1.2.320275959912905993339150347822421226046,jpeg/1.3.6.1.4.1.9590.100.1.2.320275959912905993339150347822421226046/1-077.jpg,5161,2581,1.9996125532739248,13.320541,0.971014,0.6447691576490775,0.018579951069554908,0.3366508912813676,full mammogram,False
1.3.6.1.4.1.9590.100.1.2.320532241710917213922153243164201936113,jpeg/1.3.6.1.4.1.9590.100.1.2.320532241710917213922153243164201936113/1-182.jpg,5341,2611,2.045576407506702,13.945351,1.18838,0.5659455255016529,0.031202226462424647,0.40285224803592246,full mammogram,False
1.3.6.1.4.1.9590.100.1.2.323546184912772856836256667373341364590,jpeg/1.3.6.1.4.1.9590.100.1.2.323546184912772856836256667373341364590/1-136.jpg,4688,3160,1.4835443037974683,14.81408,1.940583,0.4392310558603707,0.01199358988205815,0.5487753542575712,full mammogram,False
1.3.6.1.4.1.9590.100.1.2.325115548612557564115565146981909824673,jpeg/1.3.6.1.4.1.9590.100.1.2.325115548612557564115565146981909824673/1-075.jpg,5341,2461,2.1702559934985777,13.144201,1.158119,0.5600345734213894,0.005617762540301993,0.4343476640383086,full mammogram,False
1.3.6.1.4.1.9590.100.1.2.326195437211589328223065173782368630135,jpeg/1.3.6.1.4.1.9590.100.1.2.326195437211589328223065173782368630135/1-079.jpg,6421,3691,1.739636954754809,23.699911,2.130536,0.47804365172510566,0.012506418273047524,0.5094499300018468,full mammogram,False
1.3.6.1.4.1.9590.100.1.2.327202378213120326229296954042180395555,jpeg/1.3.6.1.4.1.9590.100.1.2.327202378213120326229296954042180395555/1-284.jpg,5236,1951,2.6837519220912354,10.215436,1.094624,0.43107548224079717,0.023078408009212726,0.5458461097499901,full mammogram,False
1.3.6.1.4.1.9590.100.1.2.328813540111033672118264518851392096230,jpeg/1.3.6.1.4.1.9590.100.1.2.328813540111033672118264518851392096230/1-141.jpg,6751,3181,2.1222885884941842,21.474931,2.103627,0.49833883051824474,0.03500537440609239,0.4666557950756628,full mammogram,False
1.3.6.1.4.1.9590.100.1.2.32917702112965005134786228900297595522,jpeg/1.3.6.1.4.1.9590.100.1.2.32917702112965005134786228900297595522/1-289.jpg,4424,3024,1.462962962962963,13.378176,0.994817,0.7673153649645512,0.00781810614541175,0.22486652889003703,full mammogram,False
1.3.6.1.4.1.9590.100.1.2.329610336812922592604457327531421142665,jpeg/1.3.6.1.4.1.9590.100.1.2.329610336812922592604457327531421142665/1-040.jpg,5491,2251,2.439360284318081,12.360241,1.012794,0.5868593500725431,0.029714954587050528,0.3834256953404064,full mammogram,False
1.3.6.1.4.1.9590.100.1.2.330841525510722510635988215471026679522,jpeg/1.3.6.1.4.1.9590.100.1.2.330841525510722510635988215471026679522/1-055.jpg,5221,2581,2.0228593568384348,13.475401,1.124253,0.6358956590605356,0.005255056973814731,0.3588492839656497,full mammogram,False
1.3.6.1.4.1.9590.100.1.2.330857446012977397138099882753167890565,jpeg/1.3.6.1.4.1.9590.100.1.2.330857446012977397138099882753167890565/1-065.jpg,4440,3000,1.48,13.32,1.325784,0.6238026276276276,0.0030906906906906905,0.3731066816816817,full mammogram,False
1.3.6.1.4.1.9590.100.1.2.334977603611925108021705225093719210746,jpeg/1.3.6.1.4.1.9590.100.1.2.334977603611925108021705225093719210746/1-203.jpg,6226,3346,1.8607292289300656,20.832196,2.071381,0.47625497571163405,0.014046094804407562,0.5096989294839583,full mammogram,False
1.3.6.1.4.1.9590.100.1.2.336725446011932305309268778732891512151,jpeg/1.3.6.1.4.1.9590.100.1.2.336725446011932305309268778732891512151/1-085.jpg,4651,1996,2.3301603206412826,9.283396,1.035721,0.5781487722811781,0.00023579733106289982,0.421615430387759,full mammogram,False
1.3.6.1.4.1.9590.100.1.2.338204254512905599801512316432558624111,jpeg/1.3.6.1.4.1.9590.100.1.2.338204254512905599801512316432558624111/1-224.jpg,5491,2281,2.4072775098640946,12.524971,0.91236,0.6551140118408258,0.03151703904144768,0.31336894911772645,full mammogram,False
1.3.6.1.4.1.9590.100.1.2.343615285613423242513342939330313281342,jpeg/1.3.6.1.4.1.9590.100.1.2.343615285613423242513342939330313281342/1-076.jpg,5491,2926,1.8766233766233766,16.066666,1.286433,0.613742203889718,0.018069461330683042,0.36818833477959895,full mammogram,False
1.3.6.1.4.1.9590.100.1.2.347071301011925738002447241093455947230,jpeg/1.3.6.1.4.1.9590.100.1.2.347071301011925738002447241093455947230/1-088.jpg,4704,2720,1.7294117647058824,12.79488,1.181732,0.648655555972389,0.0013044280212084834,0.3500400160064025,full mammogram,False
1.3.6.1.4.1.9590.100.1.2.347338743012601624916824142262030859282,jpeg/1.3.6.1.4.1.9590.100.1.2.347338743012601624916824142262030859282/1-095.jpg,6466,3751,1.7238069848040523,24.253966,2.401769,0.4781643958765342,0.006768666204941493,0.5150669379185242,full mammogram,False
1.3.6.1.4.1.9590.100.1.2.347638803413652667241334805823508662197,jpeg/1.3.6.1.4.1.9590.100.1.2.347638803413652667241334805823508662197/1-198.jpg,5896,4080,1.4450980392156862,24.05568,1.517738,0.7981176171282625,0.0006139090643041477,0.2012684738074334,full mammogram,False
1.3.6.1.4.1.9590.100.1.2.348937072812213424841819004603945936857,jpeg/1.3.6.1.4.1.9590.100.1.2.348937072812213424841819004603945936857/1-298.jpg,4064,3056,1.3298429319371727,12.419584,0.834903,0.7456406752432287,6.803770561075154e-05,0.2542912870511605,full mammogram,False
1.3.6.1.4.1.9590.100.1.2.350980850311147753010286012372415981452,jpeg/1.3.6.1.4.1.9590.100.1.2.350980850311147753010286012372415981452/1-161.jpg,5920,3192,1.8546365914786966,18.89664,2.349604,0.5279019444726681,0.0030531353722143195,0.46904492015511756,full mammogram,False
1.3.6.1.4.1.9590.100.1.2.352549780613273821437164768190416109074,jpeg/1.3.6.1.4.1.9590.100.1.2.352549780613273821437164768190416109074/1-119.jpg,4504,2920,1.5424657534246575,13.15168,1.46373,0.6832376548091195,0.002248381955765347,0.3145139632351152,full mammogram,False
1.3.6.1.4.1.9590.100.1.2.353075360012805185539926762392393204597,jpeg/1.3.6.1.4.1.9590.100.1.2.353075360012805185539926762392393204597/1-057.jpg,4584,3096,1.4806201550387597,14.192064,1.678584,0.5381570291678505,7.764902976762225e-05,0.4617653218023819,full mammogram,False
1.3.6.1.4.1.9590.100.1.2.355039344211680815811022995271493871180,jpeg/1.3.6.1.4.1.9590.100.1.2.355039344211680815811022995271493871180/1-229.jpg,5596,3226,1.7346559206447614,18.052696,2.143758,0.3407199678097942,0.010150949198945132,0.6491290829912607,full mammogram,False
1.3.6.1.4.1.9590.100.1.2.355621977111644810605764135772022462045,jpeg/1.3.6.1.4.1.9590.100.1.2.355621977111644810605764135772022462045/1-071.jpg,5896,3280,1.7975609756097561,19.33888,2.27438,0.5039681718899957,0.0017589953502995003,0.49427283275970485,full mammogram,False
1.3.6.1.4.1.9590.100.1.2.356001752412844812926132988192419755358,jpeg/1.3.6.1.4.1.9590.100.1.2.356001752412844812926132988192419755358/1-177.jpg,4480,3088,1.450777202072539,13.83424,1.739995,0.4942726163490007,1.1565507031828275e-06,0.505726227100296,full mammogram,False
1.3.6.1.4.1.9590.100.1.2.356932413113246553906578802283751764058,jpeg/1.3.6.1.4.1.9590.100.1.2.356932413113246553906578802283751764058/1-061.jpg,5401,2371,2.2779417967102487,12.805771,1.021429,0.6459445510934094,0.014207032126374898,0.33984841678021566,full mammogram,False
1.3.6.1.4.1.9590.100.1.2.357490460210917364340593250791346941826,jpeg/1.3.6.1.4.1.9590.100.1.2.357490460210917364340593250791346941826/1-234.jpg,5206,2911,1.788388869804191,15.154666,1.094379,0.6506654122235357,0.008578875971268518,0.3407557118051958,full mammogram,False
1.3.6.1.4.1.9590.100.1.2.357605884411852871634858571834022548369,jpeg/1.3.6.1.4.1.9590.100.1.2.357605884411852871634858571834022548369/1-058.jpg,4552,3208,1.4189526184538654,14.602816,2.104325,0.4380749575972196,0.00011278646529546083,0.561812255937485,full mammogram,False
1.3.6.1.4.1.9590.100.1.2.361584349611712293811818254201276987450,jpeg/1.3.6.1.4.1.9590.100.1.2.361584349611712293811818254201276987450/1-147.jpg,5296,2881,1.8382506074279763,15.257776,1.966096,0.49584192348871814,0.004819313116144843,0.499338763395137,full mammogram,False
1.3.6.1.4.1.9590.100.1.2.361615590810593169621794397493992450457,jpeg/1.3.6.1.4.1.9590.100.1.2.361615590810593169621794397493992450457/1-205.jpg,5832,3896,1.4969199178644763,22.721472,2.794071,0.4985209585012802,0.004165487165620255,0.49731355433309954,full mammogram,False
1.3.6.1.4.1.9590.100.1.2.362749348011703146040770935232709266621,jpeg/1.3.6.1.4.1.9590.100.1.2.362749348011703146040770935232709266621/1-072.jpg,5251,3421,1.5349313066354866,17.963671,1.853647,0.4955975312618451,6.13460355625529e-05,0.5043411227025925,full mammogram,False
1.3.6.1.4.1.9590.100.1.2.362975626410536426104116737502334904995,jpeg/1.3.6.1.4.1.9590.100.1.2.362975626410536426104116737502334904995/1-092.jpg,6106,3466,1.7616849394114253,21.163396,1.902028,0.58314199668144,0.02207183572995563,0.3947861675886044,full mammogram,False
1.3.6.1.4.1.9590.100.1.2.363050203012691505606834108601723566113,jpeg/1.3.6.1.4.1.9590.100.1.2.363050203012691505606834108601723566113/1-014.jpg,4576,2832,1.615819209039548,12.959232,1.905943,0.4346431949053771,6.55903065860693e-06,0.5653502460639643,full mammogram,False
1.3.6.1.4.1.9590.100.1.2.364576182310649275205059995013616705815,jpeg/1.3.6.1.4.1.9590.100.1.2.364576182310649275205059995013616705815/1-199.jpg,5832,4104,1.4210526315789473,23.934528,2.080892,0.6688760689160028,0.0002569927428692139,0.33086693834112796,full mammogram,False
1.3.6.1.4.1.9590.100.1.2.364769939511865969122167341301370556814,jpeg/1.3.6.1.4.1.9590.100.1.2.364769939511865969122167341301370556814/1-102.jpg,4496,2880,1.5611111111111111,12.94848,0.834005,0.7831196402975484,0.0006801570531830764,0.21620020264926848,full mammogram,False
1.3.6.1.4.1.9590.100.1.2.367652626313050820436402654071233849762,jpeg/1.3.6.1.4.1.9590.100.1.2.367652626313050820436402654071233849762/1-254.jpg,5281,2956,1.7865358592692828,15.610636,1.394286,0.5766684329837682,0.0037165686266722254,0.4196149983895595,full mammogram,False
1.3.6.1.4.1.9590.100.1.2.367967310113197528811231162131454857946,jpeg/1.3.6.1.4.1.9590.100.1.2.367967310113197528811231162131454857946/1-035.jpg,4861,2791,1.7416696524543174,13.567051,1.113887,0.6483047789825512,0.007940856122675444,0.34375436489477335,full mammogram,False
1.3.6.1.4.1.9590.100.1.2.369540432612826466101906786833070837185,jpeg/1.3.6.1.4.1.9590.100.1.2.369540432612826466101906786833070837185/1-285.jpg,5236,2476,2.11470113085622,12.964336,1.337472,0.464664368464378,0.026159457761662456,0.5091761737739595,full mammogram,False
1.3.6.1.4.1.9590.100.1.2.369940906511955606239779324210534388146,jpeg/1.3.6.1.4.1.9590.100.1.2.369940906511955606239779324210534388146/1-046.jpg,4624,2592,1.7839506172839505,11.985408,1.539156,0.5067289323817762,0.005235282770515614,0.4880357848477082,full mammogram,False
1.3.6.1.4.1.9590.100.1.2.372100487212307617337916970870693186194,jpeg/1.3.6.1.4.1.9590.100.1.2.372100487212307617337916970870693186194/1-152.jpg,6271,3226,1.943893366398016,20.230246,1.746236,0.5632623547929175,0.020271132639711847,0.4164665125673706,full mammogram,False
1.3.6.1.4.1.9590.100.1.2.372134991510103017329822911161277721811,jpeg/1.3.6.1.4.1.9590.100.1.2.372134991510103017329822911161277721811/1-151.jpg,4664,2608,1.7883435582822085,12.163712,1.626643,0.4361184316103505,0.00542005598291048,0.5584615124067389,full mammogram,False
1.3.6.1.4.1.9590.100.1.2.372876695312636361642907557220690345049,jpeg/1.3.6.1.4.1.9590.100.1.2.372876695312636361642907557220690345049/1-016.jpg,5576,3768,1.4798301486199574,21.010368,2.226949,0.5264007750839966,0.0004527288622455352,0.47314649605375786,full mammogram,False
1.3.6.1.4.1.9590.100.1.2.374083122712703142909330807542822451571,jpeg/1.3.6.1.4.1.9590.100.1.2.374083122712703142909330807542822451571/1-104.jpg,4624,3056,1.513089005235602,14.130944,1.528998,0.5991231725212414,0.0004145512146959184,0.4004622762640627,full mammogram,False
1.3.6.1.4.1.9590.100.1.2.374115997511889073021386151921807063992,jpeg/1.3.6.1.4.1.9590.100.1.2.374115997511889073021386151921807063992/1-043.jpg,4616,3016,1.530503978779841,13.921856,1.2211,0.7292718011161731,7.182950319267776e-08,0.27072812705432375,full mammogram,False
1.3.6.1.4.1.9590.100.1.2.37996218812952496232271023420575162009,jpeg/1.3.6.1.4.1.9590.100.1.2.37996218812952496232271023420575162009/1-037.jpg,4576,1831,2.499180775532496,8.378656,0.513105,0.7215499717377106,0.025672375139879237,0.25277765312241013,full mammogram,False
1.3.6.1.4.1.9590.100.1.2.380273595512176626620212914250182855403,jpeg/1.3.6.1.4.1.9590.100.1.2.380273595512176626620212914250182855403/1-077.jpg,5476,2761,1.983339369793553,15.119236,1.554967,0.49655934995657186,0.024283039169439514,0.47915761087398856,full mammogram,False
1.3.6.1.4.1.9590.100.1.2.381508040913986276600262854411933294300,jpeg/1.3.6.1.4.1.9590.100.1.2.381508040913986276600262854411933294300/1-142.jpg,6856,3826,1.7919498170412964,26.231056,2.076511,0.6005637363589175,0.022077761566289975,0.37735850207479255,full mammogram,False
1.3.6.1.4.1.9590.100.1.2.381864286312364192418019132252494443296,jpeg/1.3.6.1.4.1.9590.100.1.2.381864286312364192418019132252494443296/1-097.jpg,5866,2911,2.0151150807282723,17.075926,1.692054,0.5212447629487268,0.016644133969659976,0.46211110308161324,full mammogram,False
1.3.6.1.4.1.9590.100.1.2.383823654810981340700653887221557715225,jpeg/1.3.6.1.4.1.9590.100.1.2.383823654810981340700653887221557715225/1-275.jpg,4504,2928,1.5382513661202186,13.187712,1.637583,0.5638010596531073,0.0005846351512680895,0.43561430519562455,full mammogram,False
1.3.6.1.4.1.9590.100.1.2.38392550711685613036629925172762052505,jpeg/1.3.6.1.4.1.9590.100.1.2.38392550711685613036629925172762052505/1-132.jpg,4384,3112,1.4087403598971722,13.643008,1.430285,0.6066522133535361,0.0048883647946259354,0.3884594218518379,full mammogram,False
1.3.6.1.4.1.9590.100.1.2.38417403411305189709180392301975041038,jpeg/1.3.6.1.4.1.9590.100.1.2.38417403411305189709180392301975041038/1-084.jpg,5491,2776,1.9780259365994237,15.243016,1.658224,0.49231129849893224,0.02627176931389431,0.4814169321871735,full mammogram,False
1.3.6.1.4.1.9590.100.1.2.384366491411067451405549562231570718846,jpeg/1.3.6.1.4.1.9590.100.1.2.384366491411067451405549562231570718846/1-297.jpg,6032,3176,1.8992443324937027,19.157632,2.515684,0.5058503577060046,0.008726861440912947,0.48542278085308244,full mammogram,False
1.3.6.1.4.1.9590.100.1.2.385318920211943956428747846422015934212,jpeg/1.3.6.1.4.1.9590.100.1.2.385318920211943956428747846422015934212/1-052.jpg,4568,3080,1.483116883116883,14.06944,1.803996,0.48168427456956353,0.0018603441217276593,0.5164553813087088,full mammogram,False
1.3.6.1.4.1.9590.100.1.2.385631660411819173922807233342906796237,jpeg/1.3.6.1.4.1.9590.100.1.2.385631660411819173922807233342906796237/1-050.jpg,5236,2071,2.528247223563496,10.843756,1.180145,0.4495924659315462,0.02269029292064484,0.5277172411478089,full mammogram,False
1.3.6.1.4.1.9590.100.1.2.388887071311431699504520511201431458186,jpeg/1.3.6.1.4.1.9590.100.1.2.388887071311431699504520511201431458186/1-263.jpg,5491,2761,1.9887721839913075,15.160651,1.481853,0.5464122879683728,0.025501939197729702,0.4280857728338975,full mammogram,False
1.3.6.1.4.1.9590.100.1.2.391683051613386189935720165611428552711,jpeg/1.3.6.1.4.1.9590.100.1.2.391683051613386189935720165611428552711/1-212.jpg,4584,3056,1.5,14.008704,1.195953,0.7272987565445026,0.003000848615260912,0.2697003948402365,full mammogram,False
1.3.6.1.4.1.9590.100.1.2.391857569811280995719106144353021927152,jpeg/1.3.6.1.4.1.9590.100.1.2.391857569811280995719106144353021927152/1-075.jpg,5986,3076,1.946033810143043,18.412936,1.339284,0.6980568443837528,6.517157285508406e-07,0.30194250390051863,full mammogram,False
1.3.6.1.4.1.9590.100.1.2.392824033610403440541065069051448244461,jpeg/1.3.6.1.4.1.9590.100.1.2.392824033610403440541065069051448244461/1-243.jpg,4600,3104,1.481958762886598,14.2784,1.839814,0.47005974058718064,0.004488388054683998,0.5254518713581353,full mammogram,False
1.3.6.1.4.1.9590.100.1.2.395398550912272064427742516920933429414,jpeg/1.3.6.1.4.1.9590.100.1.2.395398550912272064427742516920933429414/1-183.jpg,5491,2671,2.0557843504305504,14.666461,1.423608,0.4609600093710405,0.037289022893798304,0.5017509677351613,full mammogram,False
1.3.6.1.4.1.9590.100.1.2.395570681610439987340696600672010589170,jpeg/1.3.6.1.4.1.9590.100.1.2.395570681610439987340696600672010589170/1-214.jpg,4736,2824,1.6770538243626063,13.374464,1.780507,0.5020082300120589,0.0002298409865247684,0.49776192900141636,full mammogram,False
1.3.6.1.4.1.9590.100.1.2.397101994611349974417674059850771622939,jpeg/1.3.6.1.4.1.9590.100.1.2.397101994611349974417674059850771622939/1-103.jpg,4520,2920,1.547945205479452,13.1984,1.294916,0.6425323524063523,0.007694265971632925,0.34977338162201477,full mammogram,False
1.3.6.1.4.1.9590.100.1.2.403091231110151440722163747081743871603,jpeg/1.3.6.1.4.1.9590.100.1.2.403091231110151440722163747081743871603/1-249.jpg,4696,2856,1.6442577030812324,13.411776,2.156202,0.3097940198225798,0.0051012632480590195,0.6851047169293611,full mammogram,False
1.3.6.1.4.1.9590.100.1.2.403681910711995479332703845483897577498,jpeg/1.3.6.1.4.1.9590.100.1.2.403681910711995479332703845483897577498/1-215.jpg,4680,2744,1.7055393586005831,12.84192,2.0031,0.3902294983927637,0.0015534281478159029,0.6082170734594204,full mammogram,False
1.3.6.1.4.1.9590.100.1.2.404204587312803863835447269730927739554,jpeg/1.3.6.1.4.1.9590.100.1.2.404204587312803863835447269730927739554/1-276.jpg,4584,2840,1.6140845070422536,13.01856,0.961945,0.7663309920605659,0.00014840351006562938,0.2335206044293685,full mammogram,False
1.3.6.1.4.1.9590.100.1.2.404560614811231069514945071650506227434,jpeg/1.3.6.1.4.1.9590.100.1.2.404560614811231069514945071650506227434/1-066.jpg,5904,3880,1.5216494845360824,22.90752,2.881607,0.428876412636549,0.007712139943564384,0.5634114474198867,full mammogram,False
1.3.6.1.4.1.9590.100.1.2.404595411712418795111777750044183923784,jpeg/1.3.6.1.4.1.9590.100.1.2.404595411712418795111777750044183923784/1-069.jpg,5266,2326,2.2639724849527085,12.248716,0.787463,0.6901299695412972,0.018656649399006395,0.29121338105969635,full mammogram,False
1.3.6.1.4.1.9590.100.1.2.405681835612332736612445636432635218057,jpeg/1.3.6.1.4.1.9590.100.1.2.405681835612332736612445636432635218057/1-003.jpg,5792,3856,1.5020746887966805,22.333952,2.377729,0.6131174634923546,0.0012151454431351871,0.3856673910645102,full mammogram,False
1.3.6.1.4.1.9590.100.1.2.406306640712417773200472142621979655000,jpeg/1.3.6.1.4.1.9590.100.1.2.406306640712417773200472142621979655000/1-008.jpg,5371,2671,2.0108573567952077,14.345941,1.01175,0.6851914419556027,0.01194114767375664,0.3028674103706407,full mammogram,False
1.3.6.1.4.1.9590.100.1.2.415994872513300105340941466980763411213,jpeg/1.3.6.1.4.1.9590.100.1.2.415994872513300105340941466980763411213/1-191.jpg,4632,3112,1.4884318766066837,14.414784,1.204259,0.6999142685731538,0.0041992304567310896,0.29588650097011515,full mammogram,False
1.3.6.1.4.1.9590.100.1.2.418134355612932102030136849102116704357,jpeg/1.3.6.1.4.1.9590.100.1.2.418134355612932102030136849102116704357/1-070.jpg,5880,3168,1.856060606060606,18.62784,2.192387,0.5170960240156669,0.00022922679172679173,0.48267474919260633,full mammogram,False
1.3.6.1.4.1.9590.100.1.2.419383237211179701336138466903895317733,jpeg/1.3.6.1.4.1.9590.100.1.2.419383237211179701336138466903895317733/1-068.jpg,5221,2896,1.8028314917127073,15.120016,1.6146,0.4597331113935329,0.009557265018767176,0.5307096235876999,full mammogram,False
1.3.6.1.4.1.9590.100.1.2.421439520911306770440698932850316272531,jpeg/1.3.6.1.4.1.9590.100.1.2.421439520911306770440698932850316272531/1-286.jpg,4464,3024,1.4761904761904763,13.499136,0.714526,0.8514099717196716,0.004075297856099828,0.14451473042422858,full mammogram,False
1.3.6.1.4.1.9590.100.1.2.423362291613867583614352145134188311824,jpeg/1.3.6.1.4.1.9590.100.1.2.423362291613867583614352145134188311824/1-131.jpg,4560,3104,1.4690721649484537,14.15424,1.038575,0.7369486457768132,0.0002125158256465907,0.26283883839754024,full mammogram,False
1.3.6.1.4.1.9590.100.1.2.425189886712062876041103292782535532280,jpeg/1.3.6.1.4.1.9590.100.1.2.425189886712062876041103292782535532280/1-241.jpg,4464,3104,1.4381443298969072,13.856256,1.740342,0.47788630637309243,5.124039278720024e-06,0.5221085695876287,full mammogram,False
1.3.6.1.4.1.9590.100.1.2.425921331313490368937021853843286203074,jpeg/1.3.6.1.4.1.9590.100.1.2.425921331313490368937021853843286203074/1-187.jpg,4704,2448,1.9215686274509804,11.515392,1.180481,0.6280021557234005,0.0001570072473433818,0.3718408370292562,full mammogram,False
1.3.6.1.4.1.9590.100.1.2.426037910011315061210192920910593361853,jpeg/1.3.6.1.4.1.9590.100.1.2.426037910011315061210192920910593361853/1-073.jpg,6511,4216,1.5443548387096775,27.450376,2.638454,0.4569664910965154,0.0007697162326665398,0.542263792670818,full mammogram,False
1.3.6.1.4.1.9590.100.1.2.43403648313396026338770630771140875718,jpeg/1.3.6.1.4.1.9590.100.1.2.43403648313396026338770630771140875718/1-017.jpg,5544,3736,1.4839400428265526,20.712384,2.878597,0.34412378604027427,0.0010720639401046253,0.6548041500196211,full mammogram,False
1.3.6.1.4.1.9590.100.1.2.44262460211112930513355519060642708846,jpeg/1.3.6.1.4.1.9590.100.1.2.44262460211112930513355519060642708846/1-046.jpg,4720,2928,1.6120218579234973,13.82016,1.611008,0.5970810757617857,0.0005750295220894693,0.4023438947161248,full mammogram,False
1.3.6.1.4.1.9590.100.1.2.46022236911789431731325175472242267906,jpeg/1.3.6.1.4.1.9590.100.1.2.46022236911789431731325175472242267906/1-126.jpg,4624,3088,1.4974093264248705,14.278912,1.360519,0.6309408587993259,0.005409305694999731,0.3636498355056743,full mammogram,False
1.3.6.1.4.1.9590.100.1.2.47831419111818740112903755573238586561,jpeg/1.3.6.1.4.1.9590.100.1.2.47831419111818740112903755573238586561/1-299.jpg,4216,3024,1.3941798941798942,12.749184,0.954269,0.7298682017609911,0.00040802611367127495,0.2697237721253376,full mammogram,False
1.3.6.1.4.1.9590.100.1.2.48235869613388680639353952591204777460,jpeg/1.3.6.1.4.1.9590.100.1.2.48235869613388680639353952591204777460/1-231.jpg,6661,3121,2.1342518423582186,20.788981,1.961069,0.5212886095763904,0.012508116679696807,0.46620327374391274,full mammogram,False
1.3.6.1.4.1.9590.100.1.2.51628737812130114138993448211289081234,jpeg/1.3.6.1.4.1.9590.100.1.2.51628737812130114138993448211289081234/1-018.jpg,4552,3160,1.440506329113924,14.38432,1.722255,0.5348529509910792,0.01525202442659785,0.44989502458232294,full mammogram,False
1.3.6.1.4.1.9590.100.1.2.53369310911532021538141815322001901553,jpeg/1.3.6.1.4.1.9590.100.1.2.53369310911532021538141815322001901553/1-282.jpg,5491,3241,1.6942301758716445,17.796331,1.671069,0.5166226678971075,0.023263165873909628,0.4601141662289828,full mammogram,False
1.3.6.1.4.1.9590.100.1.2.54258620812889531338798870374133469254,jpeg/1.3.6.1.4.1.9590.100.1.2.54258620812889531338798870374133469254/1-292.jpg,4126,2161,1.909301249421564,8.916286,0.882082,0.6298758249791448,0.0002504405982490916,0.36987373442260607,full mammogram,False
1.3.6.1.4.1.9590.100.1.2.54696595011707725238625115130577259932,jpeg/1.3.6.1.4.1.9590.100.1.2.54696595011707725238625115130577259932/1-026.jpg,4624,2800,1.6514285714285715,12.9472,1.282902,0.629111004695996,5.8622713791398914e-05,0.37083037259021256,full mammogram,False
1.3.6.1.4.1.9590.100.1.2.56446728211851974029244450883139880921,jpeg/1.3.6.1.4.1.9590.100.1.2.56446728211851974029244450883139880921/1-109.jpg,4680,2624,1.7835365853658536,12.28032,1.294892,0.6121331528820095,0.0014088395090681677,0.3864580076089223,full mammogram,False
1.3.6.1.4.1.9590.100.1.2.57829969412909494223644975563841998404,jpeg/1.3.6.1.4.1.9590.100.1.2.57829969412909494223644975563841998404/1-038.jpg,5176,2716,1.905743740795287,14.058016,1.065766,0.6269958719637252,0.019087259539326176,0.35391686849694864,full mammogram,False
1.3.6.1.4.1.9590.100.1.2.61347581410432668240174563181885281950,jpeg/1.3.6.1.4.1.9590.100.1.2.61347581410432668240174563181885281950/1-056.jpg,6706,3796,1.7665964172813489,25.455976,2.222215,0.5658320466675487,0.026549090083994423,0.40761886324845686,full mammogram,False
1.3.6.1.4.1.9590.100.1.2.6401091112997259908805705101363925774,jpeg/1.3.6.1.4.1.9590.100.1.2.6401091112997259908805705101363925774/1-107.jpg,4456,2896,1.5386740331491713,12.904576,0.919069,0.8006508698929744,0.0007474867829830287,0.19860164332404256,full mammogram,False
1.3.6.1.4.1.9590.100.1.2.6780922211318864702805126890910221307,jpeg/1.3.6.1.4.1.9590.100.1.2.6780922211318864702805126890910221307/1-165.jpg,4752,2640,1.8,12.54528,1.783636,0.46229410583103764,0.0003825343077237017,0.5373233598612386,full mammogram,False
1.3.6.1.4.1.9590.100.1.2.6860571612629209739046762663550661960,jpeg/1.3.6.1.4.1.9590.100.1.2.6860571612629209739046762663550661960/1-027.jpg,4592,2952,1.5555555555555556,13.555584,1.657928,0.5208687430950965,0.00601936441838286,0.4731118924865207,full mammogram,False
1.3.6.1.4.1.9590.100.1.2.68805569811200186830775538132892321888,jpeg/1.3.6.1.4.1.9590.100.1.2.68805569811200186830775538132892321888/1-029.jpg,4624,2936,1.5749318801089918,13.576064,1.860312,0.48684331482232257,0.0008500991156199617,0.5123065860620575,full mammogram,False
1.3.6.1.4.1.9590.100.1.2.69322895211081570509392375383600982696,jpeg/1.3.6.1.4.1.9590.100.1.2.69322895211081570509392375383600982696/1-076.jpg,5971,3346,1.784518828451883,19.978966,1.563832,0.6091194609370675,0.0006595436420483423,0.3902209954208842,full mammogram,False
1.3.6.1.4.1.9590.100.1.2.69721320913248429509817283852233561951,jpeg/1.3.6.1.4.1.9590.100.1.2.69721320913248429509817283852233561951/1-050.jpg,4544,3080,1.4753246753246754,13.99552,1.8834,0.4698279878132431,0.001716692198646424,0.5284553199881105,full mammogram,False
1.3.6.1.4.1.9590.100.1.2.70338313312400398235888974672070546441,jpeg/1.3.6.1.4.1.9590.100.1.2.70338313312400398235888974672070546441/1-082.jpg,5281,2821,1.8720311946118398,14.897701,1.316183,0.5778327139200874,0.007257562760858202,0.4149097233190544,full mammogram,False
1.3.6.1.4.1.9590.100.1.2.70985143510653524008930802050422673389,jpeg/1.3.6.1.4.1.9590.100.1.2.70985143510653524008930802050422673389/1-128.jpg,5491,2656,2.067394578313253,14.584096,1.310452,0.5933902245295148,0.01114542855450211,0.39546434691598303,full mammogram,False
1.3.6.1.4.1.9590.100.1.2.72383022911471764215831884112935668418,jpeg/1.3.6.1.4.1.9590.100.1.2.72383022911471764215831884112935668418/1-236.jpg,5206,2296,2.2674216027874565,11.952976,1.002351,0.60072663075706,0.03273552962877195,0.366537839614168,full mammogram,False
1.3.6.1.4.1.9590.100.1.2.79165353012414309502472705890215554740,jpeg/1.3.6.1.4.1.9590.100.1.2.79165353012414309502472705890215554740/1-010.jpg,4771,1801,2.6490838423098277,8.592571,0.934324,0.5895307702432718,0.005863553527809081,0.4046056762289191,full mammogram,False
1.3.6.1.4.1.9590.100.1.2.81537844011110021425740468903397729169,jpeg/1.3.6.1.4.1.9590.100.1.2.81537844011110021425740468903397729169/1-208.jpg,4440,2936,1.5122615803814714,13.03584,0.676264,0.8293823029432702,0.00012711110292854162,0.17049058595380126,full mammogram,False
1.3.6.1.4.1.9590.100.1.2.86045443713025653826957804903976346265,jpeg/1.3.6.1.4.1.9590.100.1.2.86045443713025653826957804903976346265/1-030.jpg,4336,2656,1.6325301204819278,11.516416,0.542484,0.8784724344796159,2.604977103987907e-07,0.12152730502267373,full mammogram,False
1.3.6.1.4.1.9590.100.1.2.88284694012167036205087761142037678527,jpeg/1.3.6.1.4.1.9590.100.1.2.88284694012167036205087761142037678527/1-200.jpg,5356,2656,2.016566265060241,14.225536,1.434861,0.5228065923139908,0.01739765728335298,0.4597957504026562,full mammogram,False
1.3.6.1.4.1.9590.100.1.2.88375747311155347030258851071324528043,jpeg/1.3.6.1.4.1.9590.100.1.2.88375747311155347030258851071324528043/1-093.jpg,6871,3976,1.7281187122736419,27.319096,2.692845,0.5069388459998823,0.03985688252642035,0.4532042714736974,full mammogram,False
1.3.6.1.4.1.9590.100.1.2.89271230010580301015144152951110163368,jpeg/1.3.6.1.4.1.9590.100.1.2.89271230010580301015144152951110163368/1-288.jpg,4416,2992,1.4759358288770053,13.212672,0.780574,0.847321874031233,0.0038825606205921104,0.14879556534817484,full mammogram,False
1.3.6.1.4.1.9590.100.1.2.90066757213729410240080160501989256297,jpeg/1.3.6.1.4.1.9590.100.1.2.90066757213729410240080160501989256297/1-057.jpg,6871,3586,1.9160624651422198,24.639406,2.361281,0.46498474841479537,0.08442119099786739,0.4505940605873373,full mammogram,False
1.3.6.1.4.1.9590.100.1.2.90140760812082371129875283483750515253,jpeg/1.3.6.1.4.1.9590.100.1.2.90140760812082371129875283483750515253/1-118.jpg,4496,2968,1.5148247978436657,13.344128,1.091147,0.7956130966369627,0.001346584804941919,0.2030403185580954,full mammogram,False
1.3.6.1.4.1.9590.100.1.2.9496122213546378401249829543613048892,jpeg/1.3.6.1.4.1.9590.100.1.2.9496122213546378401249829543613048892/1-081.jpg,4528,3032,1.4934036939313984,13.728896,1.630524,0.5485602046952647,0.002954061273390082,0.44848573403134523,full mammogram,False
1.3.6.1.4.1.9590.100.1.2.97077337711594266526257744642271450347,jpeg/1.3.6.1.4.1.9590.100.1.2.97077337711594266526257744642271450347/1-059.jpg,5491,2836,1.9361777150916784,15.572476,1.563685,0.4653269653457806,0.036323125493980535,0.4983499091602389,full mammogram,False
1.3.6.1.4.1.9590.100.1.2.97643302712039521233823044200445393404,jpeg/1.3.6.1.4.1.9590.100.1.2.97643302712039521233823044200445393404/1-278.jpg,5086,2356,2.1587436332767402,11.982616,1.379272,0.6040468124823495,0.011301288466558555,0.384651899051092,full mammogram,False
1.3.6.1.4.1.9590.100.1.2.98523535211426976240022345172310159164,jpeg/1.3.6.1.4.1.9590.100.1.2.98523535211426976240022345172310159164/1-190.jpg,4672,3144,1.4860050890585241,14.688768,0.888985,0.8075119029723936,0.007853075220467775,0.18463502180713862,full mammogram,False
1.3.6.1.4.1.9590.100.1.2.98676857111695015331891250542758735052,jpeg/1.3.6.1.4.1.9590.100.1.2.98676857111695015331891250542758735052/1-089.jpg,4760,2696,1.7655786350148368,12.83296,1.414852,0.518980967758023,0.00545517168291649,0.47556386055906047,full mammogram,False
